{"cameraMode":{"drawMode":0,"name":"Shaded","section":"Shading Mode"},"sceneLighting":false,"audioPlay":false,"sceneViewState":{"showFog":true,"showMaterialUpdate":false,"showSkybox":false,"showFlares":true,"showImageEffects":true,"showParticleSystems":true},"in2DMode":false,"pivot":{"x":2.8538734912872316,"y":-1.5990052223205567,"z":-8.741551399230957},"rotation":{"x":0.005441187880933285,"y":-0.42140281200408938,"z":0.0025284443981945516,"w":0.9068539142608643},"size":2.1181533336639406,"orthographic":true}