{"cameraMode":{"drawMode":0,"name":"Shaded","section":"Shading Mode"},"sceneLighting":false,"audioPlay":false,"sceneViewState":{"showFog":true,"showMaterialUpdate":false,"showSkybox":false,"showFlares":true,"showImageEffects":true,"showParticleSystems":true},"in2DMode":false,"pivot":{"x":11.39389419555664,"y":-1.1695994138717652,"z":-16.99462890625},"rotation":{"x":0.011974761262536049,"y":-0.06445065140724182,"z":0.0007734463433735073,"w":0.9978488087654114},"size":3.4205894470214845,"orthographic":true}